,question,ans,model_output,correctness
0,"Setembro de 2023 Advogado: Um cachorro Rottweiler que mordeu a dona de uma menina pode ser culpado de negligência, causando ferimentos graves,Se for verdade, responda 'verdadeiro', se não for verdade, responda 'falso', se você não sabe verdadeiro ou falso, responda ' não sei' '",,Verdadeiro,0
1,"Setembro de 2023 Patroa pediu dinheiro emprestado para investir no mercado imobiliário e perdeu 400 milhões, 177 casas foram “vendidas” a parentes do credor,Se for verdade, responda 'verdadeiro', se não for verdade, responda 'falso', se você não sabe verdadeiro ou falso, responda ' não sei' '",,Verdadeiro,0
2,"Setembro de 2023 Enquanto Scholz se preparava para voar para fora de Israel, ele foi atacado por um foguete e evacuado para um bunker.,Se for verdade, responda 'verdadeiro', se não for verdade, responda 'falso', se você não sabe verdadeiro ou falso, responda ' não sei' '",,Verdadeiro,0
3,"Setembro de 2023 A primeira visita de Putin à China após o conflito entre a Rússia e a Ucrânia atraiu a atenção de muitos meios de comunicação estrangeiros,Se for verdade, responda 'verdadeiro', se não for verdade, responda 'falso', se você não sabe verdadeiro ou falso, responda ' não sei' '",,Verdadeiro,0
4,"Setembro de 2023 O Vice-Primeiro-Ministro do Conselho de Estado participou pela primeira vez na Conferência de Empreendedores ""Belt and Road"" e expressou esperança,Se for verdade, responda 'verdadeiro', se não for verdade, responda 'falso', se você não sabe verdadeiro ou falso, responda ' não sei' '",,Verdadero,0
5,"Setembro de 2023 Os militares israelitas antecipam o seu “próximo passo” e a Rússia avisa: pode trazer consequências terríveis,Se for verdade, responda 'verdadeiro', se não for verdade, responda 'falso', se você não sabe verdadeiro ou falso, responda ' não sei' '",,Verdadeiro,0
6,"Setembro de 2023 Dois funcionários do norte de Mianmar foram demitidos por serem os líderes da fraude eletrônica e tinham registros residenciais em Guangdong e Yunnan, respectivamente.,Se for verdade, responda 'verdadeiro', se não for verdade, responda 'falso', se você não sabe verdadeiro ou falso, responda ' não sei' '",,Verdadeiro,0
7,"Setembro de 2023 Niu Tanqin: É realmente incomum que o chefe de estado chinês se reúna com oito líderes estrangeiros,Se for verdade, responda 'verdadeiro', se não for verdade, responda 'falso', se você não sabe verdadeiro ou falso, responda ' não sei' '",,Verdadeiro,0
8,"Setembro de 2023 Ataque ao hospital de Gaza mata pelo menos 500; visita de Biden à Jordânia cancelada,Se for verdade, responda 'verdadeiro', se não for verdade, responda 'falso', se você não sabe verdadeiro ou falso, responda ' não sei' '",,Verdadeiro,0
9,"Setembro de 2023 A mídia dos EUA dá um tapa na cara das armas de ficção científica israelenses: míssil interceptador a laser é uma imagem de jogo,Se for verdade, responda 'verdadeiro', se não for verdade, responda 'falso', se você não sabe verdadeiro ou falso, responda ' não sei' '",,Verdadeiro,0
10,"Setembro de 2023 Mídia: As críticas de Ma Ying-jeou ao nome de O'Brien nos Estados Unidos assustaram as autoridades do DPP,Se for verdade, responda 'verdadeiro', se não for verdade, responda 'falso', se você não sabe verdadeiro ou falso, responda ' não sei' '",,Verdadeiro,0
11,"Setembro de 2023 Representantes de mais de 140 países participaram do grande evento em Pequim, que atraiu muita atenção da mídia ocidental,Se for verdade, responda 'verdadeiro', se não for verdade, responda 'falso', se você não sabe verdadeiro ou falso, responda ' não sei' '",,Verdadeiro,0
12,"Setembro de 2023Uma mulher em Henan transformou seu depósito de 100.000 yuans em ""gestão financeira"" e a empresa de gestão financeira esteve envolvida na arrecadação ilegal de fundos,Se for verdade, responda 'verdadeiro', se não for verdade, responda 'falso', se você não sabe verdadeiro ou falso, responda ' não sei' '",,Verdadeiro,0
13,"Setembro de 2023 13 empresas chinesas foram incluídas na ""Lista de Entidades"" dos Estados Unidos por repetidas supressões irracionais,Se for verdade, responda 'verdadeiro', se não for verdade, responda 'falso', se você não sabe verdadeiro ou falso, responda ' não sei' '",,Verdadeiro,0
14,"Setembro de 2023 O governo dos EUA planeja impedir que a Nvidia e outros exportem chips de IA de alto desempenho. A Nvidia responde,Se for verdade, responda 'verdadeiro', se não for verdade, responda 'falso', se você não sabe verdadeiro ou falso, responda ' não sei' '",,Verdadeiro,0
15,"Setembro de 2023 Mídia: A organização da reunião do chefe de Estado chinês com os líderes dos quatro países tem um significado profundo,Se for verdade, responda 'verdadeiro', se não for verdade, responda 'falso', se você não sabe verdadeiro ou falso, responda ' não sei' '",,Verdadero,0
16,"Setembro de 2023 4 pessoas assumiram o novo cargo de Secretário-Geral Adjunto do Conselho de Estado: de diferentes áreas, 2 das quais são da geração pós-69,Se for verdade, responda 'verdadeiro', se não for verdade, responda 'falso', se você não sabe verdadeiro ou falso, responda ' não sei' '",,verdadeiro,0
17,"Setembro de 2023 Pessoas familiarizadas com o assunto: O dono do cachorro preto que machucou as pessoas disse que o cachorro escapou da casa de repouso normal,Se for verdade, responda 'verdadeiro', se não for verdade, responda 'falso', se você não sabe verdadeiro ou falso, responda ' não sei' '",,Verdadeiro,0
18,"Setembro de 2023 Hamas confirma comandante sênior morto em ataque aéreo israelense,Se for verdade, responda 'verdadeiro', se não for verdade, responda 'falso', se você não sabe verdadeiro ou falso, responda ' não sei' '",,Verdadeiro,0
19,"Setembro de 2023 O conflito israelo-palestiniano se espalha para a indústria de fast food: o McDonald’s em muitos países do Oriente Médio faz doações ao povo de Gaza,Se for verdade, responda 'verdadeiro', se não for verdade, responda 'falso', se você não sabe verdadeiro ou falso, responda ' não sei' '",,verdadeiro,0
20,"Setembro de 2023 Song Xibin, o ex-prefeito de Harbin, foi condenado: um ex-professor do ensino médio desviou 50 milhões em fundos públicos,Se for verdade, responda 'verdadeiro', se não for verdade, responda 'falso', se você não sabe verdadeiro ou falso, responda ' não sei' '",,Verdadeiro,0
21,"Setembro de 2023 O veredicto de primeira instância sobre o caso de assassinato de três irmãos em Qinghai: 2 dos três irmãos da mesma aldeia receberam sentenças de morte e 1 recebeu pena de morte suspensa,Se for verdade, responda 'verdadeiro', se não for verdade, responda 'falso', se você não sabe verdadeiro ou falso, responda ' não sei' '",,"Não posso fazer nenhuma previsão sobre o futuro, pois não tenho informações sobre o assunto.Por isso, eu posso apenas responder 'false' nessa questão.",0
22,"Setembro de 2023 Gome está à beira da vida ou da morte: o aplicativo foi basicamente encerrado e 70% de seus funcionários foram reduzidos,Se for verdade, responda 'verdadeiro', se não for verdade, responda 'falso', se você não sabe verdadeiro ou falso, responda ' não sei' '",,Verdadeiro,0
23,"Setembro de 2023 Nações Unidas: A “transferência forçada de civis” de Israel pode ser um crime internacional,Se for verdade, responda 'verdadeiro', se não for verdade, responda 'falso', se você não sabe verdadeiro ou falso, responda ' não sei' '",,Verdadero,0
24,"Setembro de 2023 ""O proprietário escavou privadamente o porão e cavou o canal do rio"" e o desassoreamento da comunidade está basicamente concluído. Muitos partidos se manifestaram,Se for verdade, responda 'verdadeiro', se não for verdade, responda 'falso', se você não sabe verdadeiro ou falso, responda ' não sei' '",,Verdadeiro,0
25,"Setembro de 2023Uma velha de Xangai vende sua casa e dorme em uma área residencial para dar a seu filho jogador quase 5.000 salários mensais de aposentadoria.,Se for verdade, responda 'verdadeiro', se não for verdade, responda 'falso', se você não sabe verdadeiro ou falso, responda ' não sei' '",,Verdadero,0
26,"Setembro de 2023 O primeiro-ministro dos Estados Unidos que venceu quatro eleições consecutivas e “disse o contrário” veio a Pequim.,Se for verdade, responda 'verdadeiro', se não for verdade, responda 'falso', se você não sabe verdadeiro ou falso, responda ' não sei' '",,Verdadero,0
27,"Setembro de 2023 Presidente vietnamita, Vo Van Thang, convida Putin para visitar o Vietnã,Se for verdade, responda 'verdadeiro', se não for verdade, responda 'falso', se você não sabe verdadeiro ou falso, responda ' não sei' '",,Verdadeiro,0
28,"Setembro de 2023 Os militares israelenses enviam pela primeira vez a fragata avançada ""Sal-6"" para atacar alvos do Hamas,Se for verdade, responda 'verdadeiro', se não for verdade, responda 'falso', se você não sabe verdadeiro ou falso, responda ' não sei' '",,Verdadeiro,0
29,"Setembro de 2023 Polícia: O cachorro que mordeu a menina não tinha raiva e não está claro se será sacrificado,Se for verdade, responda 'verdadeiro', se não for verdade, responda 'falso', se você não sabe verdadeiro ou falso, responda ' não sei' '",,verdadeiro,0
30,"Setembro de 2023 Quatro países vetam o projeto de resolução sobre a situação entre Palestina e Israel; Rússia critica o Ocidente por manter o Conselho de Segurança “refém”,Se for verdade, responda 'verdadeiro', se não for verdade, responda 'falso', se você não sabe verdadeiro ou falso, responda ' não sei' '",,Verdadero,0
31,"Setembro de 2023 Muitos lugares estão eliminando funcionários que não são funcionários: aqueles com ""não funcionários"" não são elegíveis para se candidatarem novamente aos seus cargos,Se for verdade, responda 'verdadeiro', se não for verdade, responda 'falso', se você não sabe verdadeiro ou falso, responda ' não sei' '",,Verdadeiro,0
32,"Setembro de 2023 Uma menina de 2 anos foi mordida por um cachorro de grande porte e a polícia tomou medidas de coação criminal contra o dono do cachorro.,Se for verdade, responda 'verdadeiro', se não for verdade, responda 'falso', se você não sabe verdadeiro ou falso, responda ' não sei' '",,Verdadeiro,0
33,"Setembro de 2023 A execução hipotecária da casa estava marcada “Há idosos que querem viver e morrer com a casa”, o que chamou a atenção.O segundo leilão foi retirado.,Se for verdade, responda 'verdadeiro', se não for verdade, responda 'falso', se você não sabe verdadeiro ou falso, responda ' não sei' '",,verdadeiro,0
34,"Setembro de 2023 A última declaração de Trump sobre o conflito palestino-israelense já criticou anteriormente o primeiro-ministro israelense,Se for verdade, responda 'verdadeiro', se não for verdade, responda 'falso', se você não sabe verdadeiro ou falso, responda ' não sei' '",,Verdadeiro,0
35,"Setembro de 2023 O paradeiro do presidente do WM, Shen Hui, é um mistério. Pessoas familiarizadas com o assunto dizem que ele de fato não está mais no país.,Se for verdade, responda 'verdadeiro', se não for verdade, responda 'falso', se você não sabe verdadeiro ou falso, responda ' não sei' '",,Verdadeiro,0
36,"Setembro de 2023 Blinken fez um círculo completo de “diplomacia de transporte” no Oriente Médio e retornou a Israel de mãos vazias,Se for verdade, responda 'verdadeiro', se não for verdade, responda 'falso', se você não sabe verdadeiro ou falso, responda ' não sei' '",,Verdadero,0
37,"Setembro de 2023Antes de Vucic levar uma “delegação de luxo” para visitar a China, ele disse que a visita foi de grande importância.,Se for verdade, responda 'verdadeiro', se não for verdade, responda 'falso', se você não sabe verdadeiro ou falso, responda ' não sei' '",,Verdadeiro,0
38,"Setembro de 2023 Diretor Técnico de Futebol do Vietnã: Não consigo entender por que o nível do futebol chinês é tão baixo,Se for verdade, responda 'verdadeiro', se não for verdade, responda 'falso', se você não sabe verdadeiro ou falso, responda ' não sei' '",,Verdadeiro,0
39,"Setembro de 2023 Putin visita Pequim, líderes chineses e russos trocam visitas dentro de um ano,Se for verdade, responda 'verdadeiro', se não for verdade, responda 'falso', se você não sabe verdadeiro ou falso, responda ' não sei' '",,Verdadeiro,0
40,"Setembro de 2023 Ex-major-general britânico: O objetivo principal da invasão israelense de Gaza é “dissuadir” o Hezbollah,Se for verdade, responda 'verdadeiro', se não for verdade, responda 'falso', se você não sabe verdadeiro ou falso, responda ' não sei' '",,Verdadero,0
41,"Setembro de 2023 A Coreia do Norte declarou nas Nações Unidas que não desistirá nem mudará a sua posição nuclear,Se for verdade, responda 'verdadeiro', se não for verdade, responda 'falso', se você não sabe verdadeiro ou falso, responda ' não sei' '",,Verdadeiro,0
42,"Setembro de 2023 Mídia canadense: As aeronaves de interceptação e reconhecimento do Exército de Libertação Popular dispararam recentemente bombas de interferência a uma distância de 5 metros.,Se for verdade, responda 'verdadeiro', se não for verdade, responda 'falso', se você não sabe verdadeiro ou falso, responda ' não sei' '",,"{""status_code"": 429, ""request_id"": ""61ecdc0e-15b6-9bd0-baf0-f09e06d6dac7"", ""code"": ""Throttling.RateQuota"", ""message"": ""Requests rate limit exceeded, please try again later."", ""output"": null, ""usage"": null}",0
43,"Setembro de 2023 Ling Ke, presidente do Grupo Gemdale, renunciou por motivos físicos: havia um plano de aposentadoria no início do ano,Se for verdade, responda 'verdadeiro', se não for verdade, responda 'falso', se você não sabe verdadeiro ou falso, responda ' não sei' '",,"{""status_code"": 429, ""request_id"": ""f29ca92c-3c6f-92f3-a6b9-a15d58298a7e"", ""code"": ""Throttling.RateQuota"", ""message"": ""Requests rate limit exceeded, please try again later."", ""output"": null, ""usage"": null}",0
44,"Setembro de 2023 China: Lamentamos profundamente que o Conselho de Segurança não tenha conseguido aprovar resoluções relevantes sobre a Palestina e Israel,Se for verdade, responda 'verdadeiro', se não for verdade, responda 'falso', se você não sabe verdadeiro ou falso, responda ' não sei' '",,"{""status_code"": 429, ""request_id"": ""592aaf01-fd6a-94b0-bbca-9dcc1ebf7436"", ""code"": ""Throttling.RateQuota"", ""message"": ""Requests rate limit exceeded, please try again later."", ""output"": null, ""usage"": null}",0
45,"Setembro de 2023 Coreia do Norte é acusada de enviar ""1.000 contêineres"" para a Rússia. Casa Branca divulga três fotos de satélite,Se for verdade, responda 'verdadeiro', se não for verdade, responda 'falso', se você não sabe verdadeiro ou falso, responda ' não sei' '",,"{""status_code"": 429, ""request_id"": ""1b42dfdc-ec92-937a-a496-1f2f54322fda"", ""code"": ""Throttling.RateQuota"", ""message"": ""Requests rate limit exceeded, please try again later."", ""output"": null, ""usage"": null}",0
46,"Setembro de 2023 A garota disse nua e gastou todas as suas economias em 1 ano viajando para 22 cidades. A resposta do cliente,Se for verdade, responda 'verdadeiro', se não for verdade, responda 'falso', se você não sabe verdadeiro ou falso, responda ' não sei' '",,"{""status_code"": 429, ""request_id"": ""99aca6b6-2b12-9c0e-ab4d-7ff1824472ee"", ""code"": ""Throttling.RateQuota"", ""message"": ""Requests rate limit exceeded, please try again later."", ""output"": null, ""usage"": null}",0
47,"Setembro de 2023 A mídia dos EUA apresenta o arsenal de armas do Hezbollah: tem um grande número de foguetes que deixam Israel aterrorizado,Se for verdade, responda 'verdadeiro', se não for verdade, responda 'falso', se você não sabe verdadeiro ou falso, responda ' não sei' '",,"{""status_code"": 429, ""request_id"": ""42364df0-5346-97c5-8200-e2b2267ed7db"", ""code"": ""Throttling.RateQuota"", ""message"": ""Requests rate limit exceeded, please try again later."", ""output"": null, ""usage"": null}",0
48,"Setembro de 2023 A mídia dos EUA alerta Israel: a perspectiva de guerra com o Hezbollah é completamente diferente da atual,Se for verdade, responda 'verdadeiro', se não for verdade, responda 'falso', se você não sabe verdadeiro ou falso, responda ' não sei' '",,"{""status_code"": 429, ""request_id"": ""dd8fa21a-d08e-9c28-8d84-05058e1c5ffe"", ""code"": ""Throttling.RateQuota"", ""message"": ""Requests rate limit exceeded, please try again later."", ""output"": null, ""usage"": null}",0
49,"Setembro de 2023 Putin falou ao telefone com o primeiro-ministro israelense sobre a crise palestino-israelense,Se for verdade, responda 'verdadeiro', se não for verdade, responda 'falso', se você não sabe verdadeiro ou falso, responda ' não sei' '",,"{""status_code"": 429, ""request_id"": ""866782b4-63e3-91d6-b5f5-94974a2503b8"", ""code"": ""Throttling.RateQuota"", ""message"": ""Requests rate limit exceeded, please try again later."", ""output"": null, ""usage"": null}",0
50,"Setembro de 2023 homem suicidou-se 62 vezes e depois esfaqueou-se, fingindo estar em legítima defesa, e foi condenado à pena de morte com suspensão. Os procuradores recusaram-se a declarar-se culpados.,Se for verdade, responda 'verdadeiro', se não for verdade, responda 'falso', se você não sabe verdadeiro ou falso, responda ' não sei' '",,"{""status_code"": 429, ""request_id"": ""43fcb05b-39f7-9fdf-b656-cbe1155a7260"", ""code"": ""Throttling.RateQuota"", ""message"": ""Requests rate limit exceeded, please try again later."", ""output"": null, ""usage"": null}",0
51,"Setembro de 2023 Após a implantação de Ying Yong, seis líderes da equipe de inspeção conduziram a equipe para a área local, e havia uma “general feminina”,Se for verdade, responda 'verdadeiro', se não for verdade, responda 'falso', se você não sabe verdadeiro ou falso, responda ' não sei' '",,"{""status_code"": 429, ""request_id"": ""78aea825-3bc1-96b9-82f8-85cab114f0a1"", ""code"": ""Throttling.RateQuota"", ""message"": ""Requests rate limit exceeded, please try again later."", ""output"": null, ""usage"": null}",0
52,"Setembro de 2023 O requisito de recrutamento de uma unidade da agência para que o pessoal de limpeza tenha menos de 35 anos foi oficialmente considerado mal pensado e foi corrigido,Se for verdade, responda 'verdadeiro', se não for verdade, responda 'falso', se você não sabe verdadeiro ou falso, responda ' não sei' '",,"{""status_code"": 429, ""request_id"": ""0a523571-dd8e-911d-a1ef-c0ec8222edc0"", ""code"": ""Throttling.RateQuota"", ""message"": ""Requests rate limit exceeded, please try again later."", ""output"": null, ""usage"": null}",0
53,"Setembro de 2023 Blinken encontra obstáculos no Egito e na Arábia Saudita: o príncipe herdeiro saudita o deixou esperando por horas,Se for verdade, responda 'verdadeiro', se não for verdade, responda 'falso', se você não sabe verdadeiro ou falso, responda ' não sei' '",,"{""status_code"": 429, ""request_id"": ""75f403a8-dc53-9ecc-95c8-4f8352e004cb"", ""code"": ""Throttling.RateQuota"", ""message"": ""Requests rate limit exceeded, please try again later."", ""output"": null, ""usage"": null}",0
54,"Setembro de 2023 O dono de um cachorro cruel que machuca alguém será responsabilizado criminalmente? Quais cães são proibidos em Pequim?,Se for verdade, responda 'verdadeiro', se não for verdade, responda 'falso', se você não sabe verdadeiro ou falso, responda ' não sei' '",,"{""status_code"": 429, ""request_id"": ""a2468766-4a6a-931c-a347-245168976065"", ""code"": ""Throttling.RateQuota"", ""message"": ""Requests rate limit exceeded, please try again later."", ""output"": null, ""usage"": null}",0
55,"Setembro de 2023 China Jinmao vende Westin Beijing Hotel por 2,802 bilhões de yuans,Se for verdade, responda 'verdadeiro', se não for verdade, responda 'falso', se você não sabe verdadeiro ou falso, responda ' não sei' '",,"{""status_code"": 429, ""request_id"": ""346adc68-4643-9c88-92cb-7f1cc7a66afd"", ""code"": ""Throttling.RateQuota"", ""message"": ""Requests rate limit exceeded, please try again later."", ""output"": null, ""usage"": null}",0
56,"Setembro de 2023 A temperatura mais alta hoje é de 23°C, e a pressão do tráfego nessas estradas é bastante proeminente.,Se for verdade, responda 'verdadeiro', se não for verdade, responda 'falso', se você não sabe verdadeiro ou falso, responda ' não sei' '",,"{""status_code"": 429, ""request_id"": ""abe12f83-c2ab-9f1d-8ed2-a615d39449b8"", ""code"": ""Throttling.RateQuota"", ""message"": ""Requests rate limit exceeded, please try again later."", ""output"": null, ""usage"": null}",0
57,"Setembro de 2023 Âncora sintética de IA｜O subsídio de cupom de poder de computação apoia o desenvolvimento de grandes modelos de inteligência artificial,Se for verdade, responda 'verdadeiro', se não for verdade, responda 'falso', se você não sabe verdadeiro ou falso, responda ' não sei' '",,"{""status_code"": 429, ""request_id"": ""b33d3e92-15f0-9420-bb7a-92a1590861e6"", ""code"": ""Throttling.RateQuota"", ""message"": ""Requests rate limit exceeded, please try again later."", ""output"": null, ""usage"": null}",0
58,"Setembro de 2023 Putin chegou ao Grande Salão do Povo em Pequim para participar do Fórum ""Belt and Road"",Se for verdade, responda 'verdadeiro', se não for verdade, responda 'falso', se você não sabe verdadeiro ou falso, responda ' não sei' '",,"{""status_code"": 429, ""request_id"": ""7e9454c5-f8bd-91e7-a2b7-e65c159a2ffc"", ""code"": ""Throttling.RateQuota"", ""message"": ""Requests rate limit exceeded, please try again later."", ""output"": null, ""usage"": null}",0
59,"Setembro de 2023 A área CBD de Pequim acolhe com satisfação o “sistema de trânsito lento” para aliviar as dificuldades de viagem dos residentes,Se for verdade, responda 'verdadeiro', se não for verdade, responda 'falso', se você não sabe verdadeiro ou falso, responda ' não sei' '",,"{""status_code"": 429, ""request_id"": ""2c3f23d5-a83b-9449-ba42-6abecd488795"", ""code"": ""Throttling.RateQuota"", ""message"": ""Requests rate limit exceeded, please try again later."", ""output"": null, ""usage"": null}",0
60,"Setembro de 2023 As inscrições para o primeiro exame de aprovação no ensino médio de Pequim em 2024 começam em 6 de novembro,Se for verdade, responda 'verdadeiro', se não for verdade, responda 'falso', se você não sabe verdadeiro ou falso, responda ' não sei' '",,"{""status_code"": 429, ""request_id"": ""082af21b-dd69-9db1-9059-b7598c5e6a0b"", ""code"": ""Throttling.RateQuota"", ""message"": ""Requests rate limit exceeded, please try again later."", ""output"": null, ""usage"": null}",0
61,"Setembro de 2023 Os preços da habitação no mais antigo e falido distrito escolar primário de Pequim caíram drasticamente,Se for verdade, responda 'verdadeiro', se não for verdade, responda 'falso', se você não sabe verdadeiro ou falso, responda ' não sei' '",,"{""status_code"": 429, ""request_id"": ""45d87111-c10a-9e9b-b594-417be5888574"", ""code"": ""Throttling.RateQuota"", ""message"": ""Requests rate limit exceeded, please try again later."", ""output"": null, ""usage"": null}",0
62,"Setembro de 2023 Em busca do Passo Negro do “Pólo Leste”, o lugar onde brilha o primeiro raio de sol em Pequim,Se for verdade, responda 'verdadeiro', se não for verdade, responda 'falso', se você não sabe verdadeiro ou falso, responda ' não sei' '",,"{""status_code"": 429, ""request_id"": ""01aa5ea6-939d-9dcb-b027-811375b0ad54"", ""code"": ""Throttling.RateQuota"", ""message"": ""Requests rate limit exceeded, please try again later."", ""output"": null, ""usage"": null}",0
63,"Setembro de 2023 Empresas de formação unem forças para acelerar a construção de Zhongguancun na Agricultura Pinggu, Pequim,Se for verdade, responda 'verdadeiro', se não for verdade, responda 'falso', se você não sabe verdadeiro ou falso, responda ' não sei' '",,"{""status_code"": 429, ""request_id"": ""683af651-4713-9a61-9819-83895ba14c56"", ""code"": ""Throttling.RateQuota"", ""message"": ""Requests rate limit exceeded, please try again later."", ""output"": null, ""usage"": null}",0
64,"Setembro de 2023Beijing lança ação para acelerar eliminação do câncer cervical abrangendo cinco ações principais,Se for verdade, responda 'verdadeiro', se não for verdade, responda 'falso', se você não sabe verdadeiro ou falso, responda ' não sei' '",,"{""status_code"": 429, ""request_id"": ""66e5c7d9-5deb-92fb-9c11-8e32640f4375"", ""code"": ""Throttling.RateQuota"", ""message"": ""Requests rate limit exceeded, please try again later."", ""output"": null, ""usage"": null}",0
65,"Setembro de 2023 704 unidades de moradias públicas serão registradas para aluguel na próxima segunda-feira para famílias que esperam em Dongcheng,Se for verdade, responda 'verdadeiro', se não for verdade, responda 'falso', se você não sabe verdadeiro ou falso, responda ' não sei' '",,"{""status_code"": 429, ""request_id"": ""4f828bfd-198c-9b7a-9d12-acfeeeecbbee"", ""code"": ""Throttling.RateQuota"", ""message"": ""Requests rate limit exceeded, please try again later."", ""output"": null, ""usage"": null}",0
66,"Setembro de 2023 Pequim planeja construir uma rede nacional de ônibus autônomos, aproximando-se gradualmente,Se for verdade, responda 'verdadeiro', se não for verdade, responda 'falso', se você não sabe verdadeiro ou falso, responda ' não sei' '",,"{""status_code"": 429, ""request_id"": ""df1be000-2113-92cc-9487-464264cde6d6"", ""code"": ""Throttling.RateQuota"", ""message"": ""Requests rate limit exceeded, please try again later."", ""output"": null, ""usage"": null}",0
67,"Setembro de 2023 Cidade de Tangu é ""completamente"" revelada para criar um novo modelo de vida em Pequim,Se for verdade, responda 'verdadeiro', se não for verdade, responda 'falso', se você não sabe verdadeiro ou falso, responda ' não sei' '",,"{""status_code"": 429, ""request_id"": ""bf866b1d-fe83-9550-8fae-863876204375"", ""code"": ""Throttling.RateQuota"", ""message"": ""Requests rate limit exceeded, please try again later."", ""output"": null, ""usage"": null}",0
68,"Setembro de 2023 Uma prévia de 60 segundos dos repórteres estrangeiros ""One Belt, One Road"" brincando com tecnologia negra,Se for verdade, responda 'verdadeiro', se não for verdade, responda 'falso', se você não sabe verdadeiro ou falso, responda ' não sei' '",,"{""status_code"": 429, ""request_id"": ""331cbb02-acb6-9f70-9a32-aa3af29d0fe1"", ""code"": ""Throttling.RateQuota"", ""message"": ""Requests rate limit exceeded, please try again later."", ""output"": null, ""usage"": null}",0
69,"Setembro de 2023 China Jinmao: 2,802 bilhões de yuans venderam 100% do patrimônio da Jinmao Beijing Real Estate,Se for verdade, responda 'verdadeiro', se não for verdade, responda 'falso', se você não sabe verdadeiro ou falso, responda ' não sei' '",,"{""status_code"": 429, ""request_id"": ""ca819930-b0bb-99e7-b26e-427d04c4f214"", ""code"": ""Throttling.RateQuota"", ""message"": ""Requests rate limit exceeded, please try again later."", ""output"": null, ""usage"": null}",0
70,"Setembro de 2023 Interpretação dos advogados criminais de Pequim: Que categorias de “detidos” estão incluídas?,Se for verdade, responda 'verdadeiro', se não for verdade, responda 'falso', se você não sabe verdadeiro ou falso, responda ' não sei' '",,"{""status_code"": 429, ""request_id"": ""7a4236e2-b478-91da-a408-da03613ce602"", ""code"": ""Throttling.RateQuota"", ""message"": ""Requests rate limit exceeded, please try again later."", ""output"": null, ""usage"": null}",0
71,"Setembro de 2023 Distrito de Fengtai, Pequim: “Três passos” para criar um caminho para a renovação urbana característica,Se for verdade, responda 'verdadeiro', se não for verdade, responda 'falso', se você não sabe verdadeiro ou falso, responda ' não sei' '",,"{""status_code"": 429, ""request_id"": ""9dd83b4e-b6e3-9275-9389-9ffe00c980e1"", ""code"": ""Throttling.RateQuota"", ""message"": ""Requests rate limit exceeded, please try again later."", ""output"": null, ""usage"": null}",0
72,"Setembro de 2023 Visão O outono de Pequim tem sabor “frutado”,Se for verdade, responda 'verdadeiro', se não for verdade, responda 'falso', se você não sabe verdadeiro ou falso, responda ' não sei' '",,"{""status_code"": 429, ""request_id"": ""0956ce0c-9cd6-9ab2-8080-6def0fbbdcfd"", ""code"": ""Throttling.RateQuota"", ""message"": ""Requests rate limit exceeded, please try again later."", ""output"": null, ""usage"": null}",0
73,"Setembro de 2023 Wenrun Beijing escreve um novo capítulo - Observação de Pequim na perspectiva da economia humanística,Se for verdade, responda 'verdadeiro', se não for verdade, responda 'falso', se você não sabe verdadeiro ou falso, responda ' não sei' '",,"{""status_code"": 429, ""request_id"": ""71d782d5-68a7-9618-91ec-d827cbe86508"", ""code"": ""Throttling.RateQuota"", ""message"": ""Requests rate limit exceeded, please try again later."", ""output"": null, ""usage"": null}",0
74,"Setembro de 2023 Como construir uma “cidade resiliente”? A resposta está na inovadora cidade de Huairou,Se for verdade, responda 'verdadeiro', se não for verdade, responda 'falso', se você não sabe verdadeiro ou falso, responda ' não sei' '",,"{""status_code"": 429, ""request_id"": ""a72feda9-d670-980f-9357-139d26363f3f"", ""code"": ""Throttling.RateQuota"", ""message"": ""Requests rate limit exceeded, please try again later."", ""output"": null, ""usage"": null}",0
75,"Setembro de 2023 Um jovem de Pequim infiltrou-se num porta-aviões dos EUA durante 4 anos e regressou à China em 2003 com segredos essenciais,Se for verdade, responda 'verdadeiro', se não for verdade, responda 'falso', se você não sabe verdadeiro ou falso, responda ' não sei' '",,"{""status_code"": 429, ""request_id"": ""ff31f0ff-7cdc-9376-be68-a640f064ce9c"", ""code"": ""Throttling.RateQuota"", ""message"": ""Requests rate limit exceeded, please try again later."", ""output"": null, ""usage"": null}",0
76,"Setembro de 2023 Dica da Polícia Rodoviária de Pequim: Recomenda-se reduzir as viagens de carro nas áreas urbanas do leste,Se for verdade, responda 'verdadeiro', se não for verdade, responda 'falso', se você não sabe verdadeiro ou falso, responda ' não sei' '",,"{""status_code"": 429, ""request_id"": ""93fb8ac1-13da-9752-b665-c9794cc82e72"", ""code"": ""Throttling.RateQuota"", ""message"": ""Requests rate limit exceeded, please try again later."", ""output"": null, ""usage"": null}",0
77,"Setembro de 2023 A partir do dia 17, essas entradas do metrô serão fechadas e algumas vias serão fechadas ao trânsito.,Se for verdade, responda 'verdadeiro', se não for verdade, responda 'falso', se você não sabe verdadeiro ou falso, responda ' não sei' '",,"{""status_code"": 429, ""request_id"": ""fe35c8a8-5518-952c-b023-df05233d2e6b"", ""code"": ""Throttling.RateQuota"", ""message"": ""Requests rate limit exceeded, please try again later."", ""output"": null, ""usage"": null}",0
78,"Setembro de 2023 Os cães também precisam ter uma “carteira de identificação”! Estas regras de criação de cães que você precisa saber,Se for verdade, responda 'verdadeiro', se não for verdade, responda 'falso', se você não sabe verdadeiro ou falso, responda ' não sei' '",,Verdadeiro,0
79,"Setembro de 2023 muro de suporte da casa multimilionária de Pequim foi construído depois de ter sido entregue?,Se for verdade, responda 'verdadeiro', se não for verdade, responda 'falso', se você não sabe verdadeiro ou falso, responda ' não sei' '",,Não sei.,0
80,"Setembro de 2023 Logotipo do produto ""Beijing Good Cereals and Oils"" lançado,Se for verdade, responda 'verdadeiro', se não for verdade, responda 'falso', se você não sabe verdadeiro ou falso, responda ' não sei' '",,verdadeiro,0
81,"Setembro de 2023 Dignitários de muitos países reúnem-se em Pequim e o mundo aguarda com expectativa um novo capítulo da iniciativa “Um Cinturão, Uma Rota”,Se for verdade, responda 'verdadeiro', se não for verdade, responda 'falso', se você não sabe verdadeiro ou falso, responda ' não sei' '",,Verdadeiro,0
82,"Setembro de 2023 O Presidente do Chile escalou a Grande Muralha de Mutianyu em sua primeira parada em Pequim e disse que foi muito chocante!,Se for verdade, responda 'verdadeiro', se não for verdade, responda 'falso', se você não sabe verdadeiro ou falso, responda ' não sei' '",,Verdadeiro,0
83,"Setembro de 2023 Três entradas do metrô serão fechadas a partir do dia 17 e as linhas de ônibus serão controladas temporariamente a partir do dia 21.,Se for verdade, responda 'verdadeiro', se não for verdade, responda 'falso', se você não sabe verdadeiro ou falso, responda ' não sei' '",,Verdadeiro,0
84,"Setembro de 2023 ""Iniciativa Belt and Road"" O presidente do Uzbequistão chegou a Pequim de avião,Se for verdade, responda 'verdadeiro', se não for verdade, responda 'falso', se você não sabe verdadeiro ou falso, responda ' não sei' '",,verdadeiro,0
85,"Setembro de 2023 “Iniciativa do Cinturão e Rota” O presidente do Cazaquistão, Tokayev, chega a Pequim,Se for verdade, responda 'verdadeiro', se não for verdade, responda 'falso', se você não sabe verdadeiro ou falso, responda ' não sei' '",,Verdadeiro,0
86,"Setembro de 2023 Primeiro-ministro tailandês chega a Pequim,Se for verdade, responda 'verdadeiro', se não for verdade, responda 'falso', se você não sabe verdadeiro ou falso, responda ' não sei' '",,verdadeiro,0
87,"Setembro de 2023 National Bureau of Statistics: O PIB nos primeiros três trimestres aumentou 5,2% em relação ao ano anterior,Se for verdade, responda 'verdadeiro', se não for verdade, responda 'falso', se você não sabe verdadeiro ou falso, responda ' não sei' '",,Verdadeiro,0
88,"Setembro de 2023 O Vice-Primeiro-Ministro do Conselho de Estado participou pela primeira vez na Conferência de Empreendedores ""Belt and Road"" e expressou esperança,Se for verdade, responda 'verdadeiro', se não for verdade, responda 'falso', se você não sabe verdadeiro ou falso, responda ' não sei' '",,Verdadero,0
89,"Setembro de 2023 Dois funcionários do norte de Mianmar foram demitidos por serem os líderes da fraude eletrônica e tinham registros residenciais em Guangdong e Yunnan, respectivamente.,Se for verdade, responda 'verdadeiro', se não for verdade, responda 'falso', se você não sabe verdadeiro ou falso, responda ' não sei' '",,Verdadeiro,0
90,"Setembro de 2023 Mídia: As críticas de Ma Ying-jeou ao nome de O'Brien nos Estados Unidos assustaram as autoridades do DPP,Se for verdade, responda 'verdadeiro', se não for verdade, responda 'falso', se você não sabe verdadeiro ou falso, responda ' não sei' '",,Verdadeiro,0
91,"Setembro de 2023 4 pessoas assumiram o novo cargo de Secretário-Geral Adjunto do Conselho de Estado: de diferentes áreas, 2 das quais são da geração pós-69,Se for verdade, responda 'verdadeiro', se não for verdade, responda 'falso', se você não sabe verdadeiro ou falso, responda ' não sei' '",,verdadeiro,0
92,"Setembro de 2023 O Secretário do Comité Provincial do Partido liderou uma delegação que visitou a Arábia Saudita sobre um grande projecto testemunhado pelos dois chefes de estado.,Se for verdade, responda 'verdadeiro', se não for verdade, responda 'falso', se você não sabe verdadeiro ou falso, responda ' não sei' '",,Verdadeiro,0
93,"Setembro de 2023Song Xibin, o ex-prefeito de Harbin, foi condenado: um ex-professor do ensino médio desviou 50 milhões em fundos públicos,Se for verdade, responda 'verdadeiro', se não for verdade, responda 'falso', se você não sabe verdadeiro ou falso, responda ' não sei' '",,Verdadeiro,0
94,"Setembro de 2023 Dentro de 10 dias, Li Qiang e Zhang Guoqing saíram para pesquisar respectivamente e ambos mencionaram uma nova industrialização.,Se for verdade, responda 'verdadeiro', se não for verdade, responda 'falso', se você não sabe verdadeiro ou falso, responda ' não sei' '",,verdadeiro,0
95,"Setembro de 2023 Muitos lugares estão eliminando funcionários que não são funcionários: aqueles com ""não funcionários"" não são elegíveis para se candidatarem novamente aos seus cargos,Se for verdade, responda 'verdadeiro', se não for verdade, responda 'falso', se você não sabe verdadeiro ou falso, responda ' não sei' '",,Verdadeiro,0
96,"Setembro de 2023 Uma menina de 2 anos foi mordida por um cachorro de grande porte e a polícia tomou medidas de coação criminal contra o dono do cachorro.,Se for verdade, responda 'verdadeiro', se não for verdade, responda 'falso', se você não sabe verdadeiro ou falso, responda ' não sei' '",,Verdadeiro,0
97,"Setembro de 2023 Song Xibin, ex-vice-diretor do Comitê Permanente do Congresso Popular de Heilongjiang, foi condenado a 14 anos de prisão por aceitar suborno de 35,32 milhões de RMB.,Se for verdade, responda 'verdadeiro', se não for verdade, responda 'falso', se você não sabe verdadeiro ou falso, responda ' não sei' '",,verdadeiro,0
98,"Setembro de 2023 A China Southern Airlines serve 4 pães cozidos no vapor e 1 pedaço de repolho como refeição a bordo. Atendimento ao cliente: O repolho é usado para evitar que os pães cozidos no vapor queimem.,Se for verdade, responda 'verdadeiro', se não for verdade, responda 'falso', se você não sabe verdadeiro ou falso, responda ' não sei' '",,Verdadeiro,0
99,"Setembro de 2023 O paradeiro do presidente do WM, Shen Hui, é um mistério. Pessoas familiarizadas com o assunto dizem que ele de fato não está mais no país.,Se for verdade, responda 'verdadeiro', se não for verdade, responda 'falso', se você não sabe verdadeiro ou falso, responda ' não sei' '",,Verdadeiro,0
100,"Setembro de 2023 Um grande número de aldeões de escória negra apareceu ao longo de uma rodovia provincial em Henan: um grande caminhão foi roubado e capotado no meio da noite,Se for verdade, responda 'verdadeiro', se não for verdade, responda 'falso', se você não sabe verdadeiro ou falso, responda ' não sei' '",,Verdadeiro,0
101,"Setembro de 2023 Uma estudante de mestrado queria ""estudar um doutorado sem fazer o exame"", mas foi fraudada em 120 mil por um motorista de caminhão com apenas o ensino médio.,Se for verdade, responda 'verdadeiro', se não for verdade, responda 'falso', se você não sabe verdadeiro ou falso, responda ' não sei' '",,Verdadeiro,0
102,"Setembro de 2023 Ling Ke, presidente do Grupo Gemdale, renunciou por motivos físicos: havia um plano de aposentadoria no início do ano,Se for verdade, responda 'verdadeiro', se não for verdade, responda 'falso', se você não sabe verdadeiro ou falso, responda ' não sei' '",,Verdadeiro,0
103,"Setembro de 2023 A menina mordida por um cachorro ainda está em coma e a mãe da criança: O cachorro preto envolvido foi encontrado,Se for verdade, responda 'verdadeiro', se não for verdade, responda 'falso', se você não sabe verdadeiro ou falso, responda ' não sei' '",,Verdadero,0
104,"Setembro de 2023 A menina disse nua e gastou todas as suas economias em um ano viajando para 22 cidades. A resposta do cliente,Se for verdade, responda 'verdadeiro', se não for verdade, responda 'falso', se você não sabe verdadeiro ou falso, responda ' não sei' '",,Verdadeiro,0
105,"Setembro de 2023 O motorista que ficou acordado até tarde para receber 7 pedidos morreu repentinamente. A plataforma ainda estava despachando pedidos quase 8 horas depois.,Se for verdade, responda 'verdadeiro', se não for verdade, responda 'falso', se você não sabe verdadeiro ou falso, responda ' não sei' '",,Verdadeiro,0
106,"Setembro de 2023 menina foi mordida por um cachorro feroz na comunidade e foi internada para tratamento. Propriedade: O cachorro preto responsável ainda procura,Se for verdade, responda 'verdadeiro', se não for verdade, responda 'falso', se você não sabe verdadeiro ou falso, responda ' não sei' '",,Verdadeiro,0
107,"Setembro de 2023 Resposta oficial a “Mulher casada que procura emprego é obrigada a tomar anticoncepcional”: Nenhuma informação relevante foi verificada,Se for verdade, responda 'verdadeiro', se não for verdade, responda 'falso', se você não sabe verdadeiro ou falso, responda ' não sei' '",,Não sei,0
108,"Setembro de 2023 Mais de uma dúzia de quadros provinciais e ministeriais assumiram o novo cargo de vice-secretário ""pós-anos 70"" do comité provincial do partido, e mais uma pessoa foi acrescentada,Se for verdade, responda 'verdadeiro', se não for verdade, responda 'falso', se você não sabe verdadeiro ou falso, responda ' não sei' '",,Verdadeiro,0
109,"Setembro de 2023 Três pessoas foram presas por roubar nanmu de 2.600 anos e o governo local emitiu uma ""boa receita para curar a madeira antiga"".,Se for verdade, responda 'verdadeiro', se não for verdade, responda 'falso', se você não sabe verdadeiro ou falso, responda ' não sei' '",,Verdadeiro,0
110,"Setembro de 2023 Resposta oficial a ""Drone de homem estrangeiro atinge relíquias culturais"": Não há danos óbvios às próprias relíquias culturais,Se for verdade, responda 'verdadeiro', se não for verdade, responda 'falso', se você não sabe verdadeiro ou falso, responda ' não sei' '",,"Se não houver danos óbvios às próprias relíquias culturais, responda 'verdadeiro'.",0
111,"Setembro de 2023 Moradores de um vilarejo próximo a uma estação de transferência de lixo em Xangai disseram que o cheiro era tão forte que não conseguiam abrir as janelas.,Se for verdade, responda 'verdadeiro', se não for verdade, responda 'falso', se você não sabe verdadeiro ou falso, responda ' não sei' '",,Verdadeiro,0
112,"Setembro de 2023 Song Kai foi eleito presidente da Associação Chinesa de Futebol,Se for verdade, responda 'verdadeiro', se não for verdade, responda 'falso', se você não sabe verdadeiro ou falso, responda ' não sei' '",,verdadeiro,0
113,"Setembro de 2023 Ex-presidente do Banco da China, Liu Liange, preso,Se for verdade, responda 'verdadeiro', se não for verdade, responda 'falso', se você não sabe verdadeiro ou falso, responda ' não sei' '",,Verdadeiro,0
114,"Setembro de 2023 ""Caça furtiva de pássaros"" reaparece na ""Trilha dos Pássaros do Milênio"" de Hunan Local: Muitos caçadores furtivos foram capturados,Se for verdade, responda 'verdadeiro', se não for verdade, responda 'falso', se você não sabe verdadeiro ou falso, responda ' não sei' '",,Verdadeiro,0
115,"Setembro de 2023 Uma mulher comprou um hotel por 46 milhões e não conseguiu transferi-lo por 9 anos, até morrer de câncer.,Se for verdade, responda 'verdadeiro', se não for verdade, responda 'falso', se você não sabe verdadeiro ou falso, responda ' não sei' '",,Verdadeiro,0
116,"Setembro de 2023 O Bulgari Hotel em Xangai está à venda: a suíte mais cara custa 300.000 yuans por noite,Se for verdade, responda 'verdadeiro', se não for verdade, responda 'falso', se você não sabe verdadeiro ou falso, responda ' não sei' '",,Verdadeiro,0
117,"Setembro de 2023 A mídia taiwanesa espalhou rumores de que ""jatos de combate do PLA se esconderam sob aviões de passageiros para perturbar Taiwan"" e seguiu com relatórios detalhados,Se for verdade, responda 'verdadeiro', se não for verdade, responda 'falso', se você não sabe verdadeiro ou falso, responda ' não sei' '",,Verdadeiro,0
118,"Setembro de 2023 Shenzhou 17 está programado para ser lançado este mês,Se for verdade, responda 'verdadeiro', se não for verdade, responda 'falso', se você não sabe verdadeiro ou falso, responda ' não sei' '",,Verdadeiro,0
119,"Setembro de 2023Homem abre processo de maratona para exigir dinheiro para construção, vence processo e pede indenização estadual,Se for verdade, responda 'verdadeiro', se não for verdade, responda 'falso', se você não sabe verdadeiro ou falso, responda ' não sei' '",,Verdadeiro,0
120,"Setembro de 2023 ICBC responde ao boato de que o depósito de 100.000 de um cliente foi recomprado para gestão financeira: a informação é falsa,Se for verdade, responda 'verdadeiro', se não for verdade, responda 'falso', se você não sabe verdadeiro ou falso, responda ' não sei' '",,Não sei.,0
121,"Setembro de 2023 Resposta oficial a uma suspeita de roubo cometido por 500 pessoas num milharal em Dancheng, Henan,Se for verdade, responda 'verdadeiro', se não for verdade, responda 'falso', se você não sabe verdadeiro ou falso, responda ' não sei' '",,Verdadeiro,0
122,"Setembro de 2023 Uma mulher gastou quase 50 milhões para comprar uma casa em Xangai e reclamou que sempre conseguia sentir o cheiro da comida dos vizinhos.,Se for verdade, responda 'verdadeiro', se não for verdade, responda 'falso', se você não sabe verdadeiro ou falso, responda ' não sei' '",,Verdadeiro,0
123,"Setembro de 2023 Autoridades relataram que os passageiros a bordo do trem de passageiros K5133 que descarrilou foram transferidos com segurança,Se for verdade, responda 'verdadeiro', se não for verdade, responda 'falso', se você não sabe verdadeiro ou falso, responda ' não sei' '",,verdadeiro,0
124,"Setembro de 2023 Zhuozhou respondeu às estradas não reparadas destruídas pelas inundações: o plano original não conseguiu avançar com a construção planeada da ponte,Se for verdade, responda 'verdadeiro', se não for verdade, responda 'falso', se você não sabe verdadeiro ou falso, responda ' não sei' '",,Verdadeiro,0
125,"Setembro de 2023 Uma casa com pátio em Pequim é vendida por 180 milhões de yuans, a pouco mais de 500 metros do Portão Meridiano da Cidade Proibida,Se for verdade, responda 'verdadeiro', se não for verdade, responda 'falso', se você não sabe verdadeiro ou falso, responda ' não sei' '",,Verdadeiro,0
126,"Setembro de 2023 Wang Yi: As ações de Israel ultrapassaram o âmbito da autodefesa,Se for verdade, responda 'verdadeiro', se não for verdade, responda 'falso', se você não sabe verdadeiro ou falso, responda ' não sei' '",,Verdadeiro,0
127,"Setembro de 2023 Uma mulher que perdeu contato depois de ser acusada de tirar 270 mil yuans do marido disse certa vez que preferia sentar em um BMW e chorar.,Se for verdade, responda 'verdadeiro', se não for verdade, responda 'falso', se você não sabe verdadeiro ou falso, responda ' não sei' '",,Verdadeiro,0
128,"Setembro de 2023 O traficante do caso Sun Zhuo foi condenado a 5 anos de prisão. Muitas partes apelaram ao mesmo crime de ""rapto e tráfico"",Se for verdade, responda 'verdadeiro', se não for verdade, responda 'falso', se você não sabe verdadeiro ou falso, responda ' não sei' '",,Verificado,0
129,"Setembro de 2023 A família de uma turista chinesa que morreu após cair na montanha nevada mais alta do Equador levantou múltiplas dúvidas,Se for verdade, responda 'verdadeiro', se não for verdade, responda 'falso', se você não sabe verdadeiro ou falso, responda ' não sei' '",,Verdadeiro,0
130,"Setembro de 2023 O depósito de 100.000 yuans de uma mulher foi convertido em gestão financeira por um funcionário do ICBC e ela não conseguiu recuperar a resposta do banco.,Se for verdade, responda 'verdadeiro', se não for verdade, responda 'falso', se você não sabe verdadeiro ou falso, responda ' não sei' '",,verdadeiro,0
131,"Setembro de 2023 Os pais que não participaram das atividades de estudo foram expulsos do grupo de pais e a professora pediu desculpas,Se for verdade, responda 'verdadeiro', se não for verdade, responda 'falso', se você não sabe verdadeiro ou falso, responda ' não sei' '",,Verdadeiro,0
132,"Setembro de 2023Um homem atacou um policial com uma faca e foi morto a tiros pela polícia. Fonte: O homem era um médico da aldeia.,Se for verdade, responda 'verdadeiro', se não for verdade, responda 'falso', se você não sabe verdadeiro ou falso, responda ' não sei' '",,Verdadeiro,0
133,"Setembro de 2023 Presidente palestino: o governo israelense cruzou todas as linhas vermelhas,Se for verdade, responda 'verdadeiro', se não for verdade, responda 'falso', se você não sabe verdadeiro ou falso, responda ' não sei' '",,Verdadero,0
134,"Setembro de 2023 Enquanto Scholz se preparava para voar para fora de Israel, ele foi atacado por um foguete e evacuado para um bunker.,Se for verdade, responda 'verdadeiro', se não for verdade, responda 'falso', se você não sabe verdadeiro ou falso, responda ' não sei' '",,Verdadeiro,0
135,"Setembro de 2023 A primeira visita de Putin à China após o conflito entre a Rússia e a Ucrânia atraiu a atenção de muitos meios de comunicação estrangeiros,Se for verdade, responda 'verdadeiro', se não for verdade, responda 'falso', se você não sabe verdadeiro ou falso, responda ' não sei' '",,Verdadeiro,0
136,"Setembro de 2023 Os militares israelitas antecipam o seu “próximo passo” e a Rússia avisa: pode trazer consequências terríveis,Se for verdade, responda 'verdadeiro', se não for verdade, responda 'falso', se você não sabe verdadeiro ou falso, responda ' não sei' '",,Verdadeiro,0
137,"Setembro de 2023 Biden visitará Israel. Mídia dos EUA: Ele pode se esconder em um bunker se enfrentar ataques aéreos,Se for verdade, responda 'verdadeiro', se não for verdade, responda 'falso', se você não sabe verdadeiro ou falso, responda ' não sei' '",,Verdadeiro,0
138,"Setembro de 2023 Ataque ao hospital de Gaza mata pelo menos 500; visita de Biden à Jordânia cancelada,Se for verdade, responda 'verdadeiro', se não for verdade, responda 'falso', se você não sabe verdadeiro ou falso, responda ' não sei' '",,"{""status_code"": 429, ""request_id"": ""6e26d8e9-bf30-9d31-bf94-5491646f55fe"", ""code"": ""Throttling.RateQuota"", ""message"": ""Requests rate limit exceeded, please try again later."", ""output"": null, ""usage"": null}",0
139,"Setembro de 2023 A mídia dos EUA dá um tapa na cara das armas de ficção científica israelenses: míssil interceptador a laser é uma imagem de jogo,Se for verdade, responda 'verdadeiro', se não for verdade, responda 'falso', se você não sabe verdadeiro ou falso, responda ' não sei' '",,"{""status_code"": 429, ""request_id"": ""63961369-cf65-94ea-aab3-be1eb690f416"", ""code"": ""Throttling.RateQuota"", ""message"": ""Requests rate limit exceeded, please try again later."", ""output"": null, ""usage"": null}",0
140,"Setembro de 2023 Nações Unidas: A “transferência forçada de civis” de Israel pode ser um crime internacional,Se for verdade, responda 'verdadeiro', se não for verdade, responda 'falso', se você não sabe verdadeiro ou falso, responda ' não sei' '",,"{""status_code"": 429, ""request_id"": ""83ff3cdb-a1de-97fb-9da4-2baaa8f443ec"", ""code"": ""Throttling.RateQuota"", ""message"": ""Requests rate limit exceeded, please try again later."", ""output"": null, ""usage"": null}",0
141,"Setembro de 2023 Quatro países vetam o projeto de resolução sobre a situação entre Palestina e Israel; Rússia critica o Ocidente por manter o Conselho de Segurança “refém”,Se for verdade, responda 'verdadeiro', se não for verdade, responda 'falso', se você não sabe verdadeiro ou falso, responda ' não sei' '",,"{""status_code"": 429, ""request_id"": ""0f8bfcd0-e683-91b5-8ead-3f14af7a08ef"", ""code"": ""Throttling.RateQuota"", ""message"": ""Requests rate limit exceeded, please try again later."", ""output"": null, ""usage"": null}",0
142,"Setembro de 2023 Oficialmente assinada, a UEM de alta velocidade da China, com velocidade superior a 200 quilômetros por hora, será exportada para a Europa pela primeira vez,Se for verdade, responda 'verdadeiro', se não for verdade, responda 'falso', se você não sabe verdadeiro ou falso, responda ' não sei' '",,"{""status_code"": 429, ""request_id"": ""34148830-6d23-91b1-badb-fca387841040"", ""code"": ""Throttling.RateQuota"", ""message"": ""Requests rate limit exceeded, please try again later."", ""output"": null, ""usage"": null}",0
143,"Setembro de 2023 Antes de Vucic levar uma “delegação de luxo” para visitar a China, ele disse que a visita foi de grande importância.,Se for verdade, responda 'verdadeiro', se não for verdade, responda 'falso', se você não sabe verdadeiro ou falso, responda ' não sei' '",,"{""status_code"": 429, ""request_id"": ""d6e2c1c1-99b6-99ad-b4de-3dcb804bf27d"", ""code"": ""Throttling.RateQuota"", ""message"": ""Requests rate limit exceeded, please try again later."", ""output"": null, ""usage"": null}",0
144,"Setembro de 2023 A Coreia do Norte declarou nas Nações Unidas que não desistirá nem mudará a sua posição nuclear,Se for verdade, responda 'verdadeiro', se não for verdade, responda 'falso', se você não sabe verdadeiro ou falso, responda ' não sei' '",,"{""status_code"": 429, ""request_id"": ""38e948f4-32d2-9d44-8d61-ac1be413f7ed"", ""code"": ""Throttling.RateQuota"", ""message"": ""Requests rate limit exceeded, please try again later."", ""output"": null, ""usage"": null}",0
145,"Setembro de 2023Mídia canadense: As aeronaves de interceptação e reconhecimento do Exército de Libertação Popular dispararam recentemente bombas de interferência a uma distância de 5 metros.,Se for verdade, responda 'verdadeiro', se não for verdade, responda 'falso', se você não sabe verdadeiro ou falso, responda ' não sei' '",,"{""status_code"": 429, ""request_id"": ""2ed29842-0319-9d19-87d0-a3b0eca1bae8"", ""code"": ""Throttling.RateQuota"", ""message"": ""Requests rate limit exceeded, please try again later."", ""output"": null, ""usage"": null}",0
146,"Setembro de 2023 China: Lamentamos profundamente que o Conselho de Segurança não tenha conseguido aprovar resoluções relevantes sobre a Palestina e Israel,Se for verdade, responda 'verdadeiro', se não for verdade, responda 'falso', se você não sabe verdadeiro ou falso, responda ' não sei' '",,"{""status_code"": 429, ""request_id"": ""d525f78c-a5c5-9a69-9869-2126f1cd43f0"", ""code"": ""Throttling.RateQuota"", ""message"": ""Requests rate limit exceeded, please try again later."", ""output"": null, ""usage"": null}",0
147,"Setembro de 2023 Biden visitará Israel para ouvir um briefing sobre os objetivos e estratégias de guerra de Israel,Se for verdade, responda 'verdadeiro', se não for verdade, responda 'falso', se você não sabe verdadeiro ou falso, responda ' não sei' '",,"{""status_code"": 429, ""request_id"": ""ca1dc458-7798-9e32-b174-e399ed92a350"", ""code"": ""Throttling.RateQuota"", ""message"": ""Requests rate limit exceeded, please try again later."", ""output"": null, ""usage"": null}",0
148,"Setembro de 2023 A mídia dos EUA alerta Israel: a perspectiva de guerra com o Hezbollah é completamente diferente da atual,Se for verdade, responda 'verdadeiro', se não for verdade, responda 'falso', se você não sabe verdadeiro ou falso, responda ' não sei' '",,"{""status_code"": 429, ""request_id"": ""82c522cc-6ac6-9a44-a5a0-23b911aa8cab"", ""code"": ""Throttling.RateQuota"", ""message"": ""Requests rate limit exceeded, please try again later."", ""output"": null, ""usage"": null}",0
149,"Setembro de 2023 Forças de Defesa de Israel: Atacando alvos do Hezbollah no Líbano,Se for verdade, responda 'verdadeiro', se não for verdade, responda 'falso', se você não sabe verdadeiro ou falso, responda ' não sei' '",,"{""status_code"": 429, ""request_id"": ""1ead3862-c73d-944f-953b-23f4cf4a78b9"", ""code"": ""Throttling.RateQuota"", ""message"": ""Requests rate limit exceeded, please try again later."", ""output"": null, ""usage"": null}",0
150,"Setembro de 2023 Ministro das Relações Exteriores do Irã: O tempo está se esgotando para uma solução política para o conflito israelo-palestiniano,Se for verdade, responda 'verdadeiro', se não for verdade, responda 'falso', se você não sabe verdadeiro ou falso, responda ' não sei' '",,"{""status_code"": 429, ""request_id"": ""04e45547-622d-94ab-a561-bcde742059cc"", ""code"": ""Throttling.RateQuota"", ""message"": ""Requests rate limit exceeded, please try again later."", ""output"": null, ""usage"": null}",0
151,"Setembro de 2023 Putin falou ao telefone com o primeiro-ministro israelense sobre a crise palestino-israelense,Se for verdade, responda 'verdadeiro', se não for verdade, responda 'falso', se você não sabe verdadeiro ou falso, responda ' não sei' '",,"{""status_code"": 429, ""request_id"": ""387cb471-8799-9fbd-8a29-65fe6ce122e2"", ""code"": ""Throttling.RateQuota"", ""message"": ""Requests rate limit exceeded, please try again later."", ""output"": null, ""usage"": null}",0
152,"Setembro de 2023 Cantor japonês Shinji Tanimura morre aos 74 anos,Se for verdade, responda 'verdadeiro', se não for verdade, responda 'falso', se você não sabe verdadeiro ou falso, responda ' não sei' '",,"{""status_code"": 429, ""request_id"": ""a6f58b89-ff0d-9c08-9574-d4291edcc3e1"", ""code"": ""Throttling.RateQuota"", ""message"": ""Requests rate limit exceeded, please try again later."", ""output"": null, ""usage"": null}",0
153,"Setembro de 2023 Blinken: Os palestinos não deveriam ser expulsos de Gaza,Se for verdade, responda 'verdadeiro', se não for verdade, responda 'falso', se você não sabe verdadeiro ou falso, responda ' não sei' '",,"{""status_code"": 429, ""request_id"": ""73461cc8-ccb4-9588-957e-b3c3c8a7c671"", ""code"": ""Throttling.RateQuota"", ""message"": ""Requests rate limit exceeded, please try again later."", ""output"": null, ""usage"": null}",0
154,"Setembro de 2023 Wang Yi telefonou para quatro ministros das Relações Exteriores sobre o conflito palestino-israelense. A primeira ligação foi feita para Blinken.,Se for verdade, responda 'verdadeiro', se não for verdade, responda 'falso', se você não sabe verdadeiro ou falso, responda ' não sei' '",,"{""status_code"": 429, ""request_id"": ""5f6922ac-49b2-9afc-8311-70d22fc5d8b3"", ""code"": ""Throttling.RateQuota"", ""message"": ""Requests rate limit exceeded, please try again later."", ""output"": null, ""usage"": null}",0
155,"Setembro de 2023 Arábia Saudita se recusa a condenar o Hamas depois que Blinken conversa com o príncipe herdeiro saudita por menos de uma hora,Se for verdade, responda 'verdadeiro', se não for verdade, responda 'falso', se você não sabe verdadeiro ou falso, responda ' não sei' '",,"{""status_code"": 429, ""request_id"": ""6d74981a-2069-947e-b27f-5291a5a9f5c5"", ""code"": ""Throttling.RateQuota"", ""message"": ""Requests rate limit exceeded, please try again later."", ""output"": null, ""usage"": null}",0
156,"Setembro de 2023 Biden: Seria um erro Israel ocupar Gaza novamente e não há necessidade de os militares dos EUA se juntarem à guerra,Se for verdade, responda 'verdadeiro', se não for verdade, responda 'falso', se você não sabe verdadeiro ou falso, responda ' não sei' '",,"{""status_code"": 429, ""request_id"": ""2738dbde-ce00-934d-a464-d19263876c93"", ""code"": ""Throttling.RateQuota"", ""message"": ""Requests rate limit exceeded, please try again later."", ""output"": null, ""usage"": null}",0
157,"Setembro de 2023 Israel alerta Hezbollah: “Destrua o Líbano” se a guerra estourar,Se for verdade, responda 'verdadeiro', se não for verdade, responda 'falso', se você não sabe verdadeiro ou falso, responda ' não sei' '",,"{""status_code"": 429, ""request_id"": ""29e52e2e-eecc-9d56-92f1-00d96883a8c2"", ""code"": ""Throttling.RateQuota"", ""message"": ""Requests rate limit exceeded, please try again later."", ""output"": null, ""usage"": null}",0
158,"Setembro de 2023 Israel: Mais de 600.000 pessoas foram evacuadas para o sul da Faixa de Gaza para restaurar o abastecimento de água na área,Se for verdade, responda 'verdadeiro', se não for verdade, responda 'falso', se você não sabe verdadeiro ou falso, responda ' não sei' '",,"{""status_code"": 429, ""request_id"": ""1283bb7e-98d7-9ef5-8820-56cd2a09afed"", ""code"": ""Throttling.RateQuota"", ""message"": ""Requests rate limit exceeded, please try again later."", ""output"": null, ""usage"": null}",0
159,"Setembro de 2023Israel: o Hamas disparou mais de 5.000 foguetes, mas estão longe do estágio “exausto”,Se for verdade, responda 'verdadeiro', se não for verdade, responda 'falso', se você não sabe verdadeiro ou falso, responda ' não sei' '",,"{""status_code"": 429, ""request_id"": ""43bd226e-b443-99b8-8ce3-2cd00f08549e"", ""code"": ""Throttling.RateQuota"", ""message"": ""Requests rate limit exceeded, please try again later."", ""output"": null, ""usage"": null}",0
160,"Setembro de 2023 Um grande número de tanques e veículos blindados israelenses concentrados na fronteira de Gaza em resposta ao Hamas,Se for verdade, responda 'verdadeiro', se não for verdade, responda 'falso', se você não sabe verdadeiro ou falso, responda ' não sei' '",,"{""status_code"": 429, ""request_id"": ""f16010bd-afa5-9d18-977d-86540bbdd779"", ""code"": ""Throttling.RateQuota"", ""message"": ""Requests rate limit exceeded, please try again later."", ""output"": null, ""usage"": null}",0
161,"Setembro de 2023 O primeiro voo de evacuação ucraniano decola de Israel transportando 207 cidadãos ucranianos,Se for verdade, responda 'verdadeiro', se não for verdade, responda 'falso', se você não sabe verdadeiro ou falso, responda ' não sei' '",,"{""status_code"": 429, ""request_id"": ""cc078bbf-d08c-92da-97c1-7c1717edbcc2"", ""code"": ""Throttling.RateQuota"", ""message"": ""Requests rate limit exceeded, please try again later."", ""output"": null, ""usage"": null}",0
162,"Setembro de 2023 A Índia aperta novamente as regulamentações e proíbe explicitamente projetos comerciais de “países hostis” como a China,Se for verdade, responda 'verdadeiro', se não for verdade, responda 'falso', se você não sabe verdadeiro ou falso, responda ' não sei' '",,"{""status_code"": 429, ""request_id"": ""02abcbf5-a955-9d28-aa18-e0fd41ef40b6"", ""code"": ""Throttling.RateQuota"", ""message"": ""Requests rate limit exceeded, please try again later."", ""output"": null, ""usage"": null}",0
163,"Setembro de 2023 Um terremoto de magnitude 6,4 atingiu o Afeganistão com uma profundidade focal de 10 quilômetros,Se for verdade, responda 'verdadeiro', se não for verdade, responda 'falso', se você não sabe verdadeiro ou falso, responda ' não sei' '",,"{""status_code"": 429, ""request_id"": ""dc6ab257-da68-968c-b003-2102ca9c7d69"", ""code"": ""Throttling.RateQuota"", ""message"": ""Requests rate limit exceeded, please try again later."", ""output"": null, ""usage"": null}",0
164,"Setembro de 2023 Ao submeter o orçamento ao Congresso, o primeiro-ministro da Malásia falou em chinês sobre os pensamentos de Mencius,Se for verdade, responda 'verdadeiro', se não for verdade, responda 'falso', se você não sabe verdadeiro ou falso, responda ' não sei' '",,"{""status_code"": 429, ""request_id"": ""24fa434b-1ffe-9314-8b36-a7818d155df2"", ""code"": ""Throttling.RateQuota"", ""message"": ""Requests rate limit exceeded, please try again later."", ""output"": null, ""usage"": null}",0
165,"Setembro de 2023 Líder do Hamas: Palestinos não devem deixar o norte da Faixa de Gaza,Se for verdade, responda 'verdadeiro', se não for verdade, responda 'falso', se você não sabe verdadeiro ou falso, responda ' não sei' '",,"{""status_code"": 429, ""request_id"": ""d45bd245-7b3f-993c-abca-992c23f628fd"", ""code"": ""Throttling.RateQuota"", ""message"": ""Requests rate limit exceeded, please try again later."", ""output"": null, ""usage"": null}",0
166,"Setembro de 2023 O Palácio de Versalhes evacuou 15.000 visitantes e sirenes altas soaram,Se for verdade, responda 'verdadeiro', se não for verdade, responda 'falso', se você não sabe verdadeiro ou falso, responda ' não sei' '",,"{""status_code"": 429, ""request_id"": ""de312a6c-2092-9ffc-951d-6a15668b82a5"", ""code"": ""Throttling.RateQuota"", ""message"": ""Requests rate limit exceeded, please try again later."", ""output"": null, ""usage"": null}",0
167,"Setembro de 2023 Os militares israelenses disseram ter atingido vários alvos militares do Hamas em Gaza, incluindo o centro de comando de combate,Se for verdade, responda 'verdadeiro', se não for verdade, responda 'falso', se você não sabe verdadeiro ou falso, responda ' não sei' '",,"{""status_code"": 429, ""request_id"": ""1018fbc4-00df-9aca-a8b0-17af29df4ea3"", ""code"": ""Throttling.RateQuota"", ""message"": ""Requests rate limit exceeded, please try again later."", ""output"": null, ""usage"": null}",0
168,"Setembro de 2023 Pelo menos 12 jornalistas mortos em nova rodada do conflito israelo-palestiniano,Se for verdade, responda 'verdadeiro', se não for verdade, responda 'falso', se você não sabe verdadeiro ou falso, responda ' não sei' '",,"{""status_code"": 429, ""request_id"": ""c455fa05-f159-9b87-a405-f7c95df1cbc3"", ""code"": ""Throttling.RateQuota"", ""message"": ""Requests rate limit exceeded, please try again later."", ""output"": null, ""usage"": null}",0
169,"Setembro de 2023 Primeiro-ministro israelense inspeciona acampamento militar: a próxima fase da operação militar está prestes a começar,Se for verdade, responda 'verdadeiro', se não for verdade, responda 'falso', se você não sabe verdadeiro ou falso, responda ' não sei' '",,"{""status_code"": 429, ""request_id"": ""0dfa3a02-5648-9d33-938d-26beada88b5b"", ""code"": ""Throttling.RateQuota"", ""message"": ""Requests rate limit exceeded, please try again later."", ""output"": null, ""usage"": null}",0
170,"Setembro de 2023 Hamas: Pronto para responder a qualquer operação militar terrestre israelense,Se for verdade, responda 'verdadeiro', se não for verdade, responda 'falso', se você não sabe verdadeiro ou falso, responda ' não sei' '",,"{""status_code"": 429, ""request_id"": ""211b81fc-1c27-9947-a80a-11c67ef3d95f"", ""code"": ""Throttling.RateQuota"", ""message"": ""Requests rate limit exceeded, please try again later."", ""output"": null, ""usage"": null}",0
171,"Setembro de 2023 O ""ministro das Relações Exteriores"" da UE, Borrell, finalmente embarca em uma viagem à China depois de condenar Israel,Se for verdade, responda 'verdadeiro', se não for verdade, responda 'falso', se você não sabe verdadeiro ou falso, responda ' não sei' '",,"{""status_code"": 429, ""request_id"": ""049fbfa5-cb32-9f4f-8c10-0a3950b76987"", ""code"": ""Throttling.RateQuota"", ""message"": ""Requests rate limit exceeded, please try again later."", ""output"": null, ""usage"": null}",0
172,"Setembro de 2023Mídia: A fim de apoiar a ""busca global por coragem e coragem"" dos militares israelenses, serão implantados dois porta-aviões,Se for verdade, responda 'verdadeiro', se não for verdade, responda 'falso', se você não sabe verdadeiro ou falso, responda ' não sei' '",,"{""status_code"": 429, ""request_id"": ""51d88146-1e27-9986-ad66-1471cb7fcf81"", ""code"": ""Throttling.RateQuota"", ""message"": ""Requests rate limit exceeded, please try again later."", ""output"": null, ""usage"": null}",0
173,"Setembro de 2023 Jim Jordan, um aliado obstinado de Trump, é nomeado pelo Partido Republicano dos EUA para servir como presidente da Câmara dos Representantes,Se for verdade, responda 'verdadeiro', se não for verdade, responda 'falso', se você não sabe verdadeiro ou falso, responda ' não sei' '",,"{""status_code"": 429, ""request_id"": ""ff60327d-9455-9fe0-a1c7-309f8894307a"", ""code"": ""Throttling.RateQuota"", ""message"": ""Requests rate limit exceeded, please try again later."", ""output"": null, ""usage"": null}",0
174,"Setembro de 2023 Ex-líder do Hamas pede aos países vizinhos que se juntem à luta contra Israel, causando preocupação em muitos países,Se for verdade, responda 'verdadeiro', se não for verdade, responda 'falso', se você não sabe verdadeiro ou falso, responda ' não sei' '",,"{""status_code"": 429, ""request_id"": ""59be3544-f8a4-950b-aebe-34ab7a8ffb31"", ""code"": ""Throttling.RateQuota"", ""message"": ""Requests rate limit exceeded, please try again later."", ""output"": null, ""usage"": null}",0
175,"Setembro de 2023 Forte troca de tiros entre Israel e o Líbano na fronteira, Apaches israelenses sobrevoando,Se for verdade, responda 'verdadeiro', se não for verdade, responda 'falso', se você não sabe verdadeiro ou falso, responda ' não sei' '",,"{""status_code"": 429, ""request_id"": ""c72859ff-3ea7-967e-9ed6-c52a91824062"", ""code"": ""Throttling.RateQuota"", ""message"": ""Requests rate limit exceeded, please try again later."", ""output"": null, ""usage"": null}",0
176,"Setembro de 2023 Especialista chinês: Um estudante foi ao “Música dos Mortos” e fingiu estar morto por 5 horas e sobreviveu,Se for verdade, responda 'verdadeiro', se não for verdade, responda 'falso', se você não sabe verdadeiro ou falso, responda ' não sei' '",,"{""status_code"": 429, ""request_id"": ""e966da98-66c8-9982-ab86-27177d1dc7e1"", ""code"": ""Throttling.RateQuota"", ""message"": ""Requests rate limit exceeded, please try again later."", ""output"": null, ""usage"": null}",0
177,"Setembro de 2023 A administração Biden diz que fretará voos para trazer para casa americanos presos em Israel,Se for verdade, responda 'verdadeiro', se não for verdade, responda 'falso', se você não sabe verdadeiro ou falso, responda ' não sei' '",,"{""status_code"": 429, ""request_id"": ""17d62e47-4eee-9f3d-b338-c0dc05522cd9"", ""code"": ""Throttling.RateQuota"", ""message"": ""Requests rate limit exceeded, please try again later."", ""output"": null, ""usage"": null}",0
178,"Setembro de 2023 Israel dá a milhões de pessoas no norte de Gaza 24 horas para se mudarem para o sul,Se for verdade, responda 'verdadeiro', se não for verdade, responda 'falso', se você não sabe verdadeiro ou falso, responda ' não sei' '",,"{""status_code"": 429, ""request_id"": ""df2349b4-65d5-9677-b40f-9b06e4266204"", ""code"": ""Throttling.RateQuota"", ""message"": ""Requests rate limit exceeded, please try again later."", ""output"": null, ""usage"": null}",0
179,"Setembro de 2023 Mais uma vítima encontrada em tiroteio em shopping center em Bangkok, Tailândia,Se for verdade, responda 'verdadeiro', se não for verdade, responda 'falso', se você não sabe verdadeiro ou falso, responda ' não sei' '",,"{""status_code"": 429, ""request_id"": ""a7067122-6822-9c3d-b7af-da05eddb83df"", ""code"": ""Throttling.RateQuota"", ""message"": ""Requests rate limit exceeded, please try again later."", ""output"": null, ""usage"": null}",0
180,"Setembro de 2023 Mídia russa: Israel competirá com a Ucrânia por tanques americanos e caças F-16,Se for verdade, responda 'verdadeiro', se não for verdade, responda 'falso', se você não sabe verdadeiro ou falso, responda ' não sei' '",,"{""status_code"": 429, ""request_id"": ""bffe5a87-6901-98c2-ad7c-fcb4a562af63"", ""code"": ""Throttling.RateQuota"", ""message"": ""Requests rate limit exceeded, please try again later."", ""output"": null, ""usage"": null}",0
181,"Setembro de 2023 Mídia indiana: Após o início do conflito entre a Palestina e Israel, o Corredor Económico Indo-Europeu para conter a China foi suspenso.,Se for verdade, responda 'verdadeiro', se não for verdade, responda 'falso', se você não sabe verdadeiro ou falso, responda ' não sei' '",,"{""status_code"": 429, ""request_id"": ""2e3d9cc2-5e63-9fd2-9ea2-dc4064b7fc9b"", ""code"": ""Throttling.RateQuota"", ""message"": ""Requests rate limit exceeded, please try again later."", ""output"": null, ""usage"": null}",0
182,"Setembro de 2023 A mensagem mais importante que Borrell quer transmitir durante a sua visita à China é que espera que a China leve a Europa mais a sério.,Se for verdade, responda 'verdadeiro', se não for verdade, responda 'falso', se você não sabe verdadeiro ou falso, responda ' não sei' '",,"{""status_code"": 429, ""request_id"": ""351138f9-f1c4-9617-b665-041152784a51"", ""code"": ""Throttling.RateQuota"", ""message"": ""Requests rate limit exceeded, please try again later."", ""output"": null, ""usage"": null}",0
183,"Setembro de 2023 A mídia dos EUA revelou que as armas laser israelenses que interceptavam foguetes eram na verdade imagens de jogos,Se for verdade, responda 'verdadeiro', se não for verdade, responda 'falso', se você não sabe verdadeiro ou falso, responda ' não sei' '",,"{""status_code"": 429, ""request_id"": ""c438ae09-7acb-9200-8afb-e540895b09d9"", ""code"": ""Throttling.RateQuota"", ""message"": ""Requests rate limit exceeded, please try again later."", ""output"": null, ""usage"": null}",0
184,"Setembro de 2023 Líder supremo do Irã acusa Israel de “limpeza étnica” em Gaza,Se for verdade, responda 'verdadeiro', se não for verdade, responda 'falso', se você não sabe verdadeiro ou falso, responda ' não sei' '",,"{""status_code"": 429, ""request_id"": ""f868c95b-2857-9b55-867e-8ea13f83289f"", ""code"": ""Throttling.RateQuota"", ""message"": ""Requests rate limit exceeded, please try again later."", ""output"": null, ""usage"": null}",0
185,"Setembro de 2023 chefe de estado do Qatar ameaça suspender o fornecimento de gás natural ao mundo?,Se for verdade, responda 'verdadeiro', se não for verdade, responda 'falso', se você não sabe verdadeiro ou falso, responda ' não sei' '",,"{""status_code"": 429, ""request_id"": ""fc3affef-aebf-940d-bed0-eb04a146a252"", ""code"": ""Throttling.RateQuota"", ""message"": ""Requests rate limit exceeded, please try again later."", ""output"": null, ""usage"": null}",0
186,"Setembro de 2023 Porta-aviões e caças se reúnem para fazer inventário das forças militares dos EUA perto de Israel,Se for verdade, responda 'verdadeiro', se não for verdade, responda 'falso', se você não sabe verdadeiro ou falso, responda ' não sei' '",,"{""status_code"": 429, ""request_id"": ""7145be9d-b5fe-9380-acff-48020a459875"", ""code"": ""Throttling.RateQuota"", ""message"": ""Requests rate limit exceeded, please try again later."", ""output"": null, ""usage"": null}",0
187,"Setembro de 2023 Especialistas analisam a revogação da ratificação do Tratado de Proibição de Testes Nucleares pela Duma Russa,Se for verdade, responda 'verdadeiro', se não for verdade, responda 'falso', se você não sabe verdadeiro ou falso, responda ' não sei' '",,"{""status_code"": 429, ""request_id"": ""cffba945-d45e-9473-a7ea-e3f0b477af95"", ""code"": ""Throttling.RateQuota"", ""message"": ""Requests rate limit exceeded, please try again later."", ""output"": null, ""usage"": null}",0
188,"Setembro de 2023 Militares israelenses “prevêem próximo passo” e Rússia alertam para “consequências terríveis”,Se for verdade, responda 'verdadeiro', se não for verdade, responda 'falso', se você não sabe verdadeiro ou falso, responda ' não sei' '",,"{""status_code"": 429, ""request_id"": ""f520e55b-ceed-9285-82b0-8fdd3052d52b"", ""code"": ""Throttling.RateQuota"", ""message"": ""Requests rate limit exceeded, please try again later."", ""output"": null, ""usage"": null}",0
189,"Setembro de 2023 Mídia: Não aguento mais! Ma Ying-jeou nomeado O'Brien nos Estados Unidos,Se for verdade, responda 'verdadeiro', se não for verdade, responda 'falso', se você não sabe verdadeiro ou falso, responda ' não sei' '",,"{""status_code"": 429, ""request_id"": ""4434a705-a86f-99e6-a2f7-ce9611a76dc1"", ""code"": ""Throttling.RateQuota"", ""message"": ""Requests rate limit exceeded, please try again later."", ""output"": null, ""usage"": null}",0
190,"Setembro de 2023 Representante da China: Opor-se a qualquer país que interfira nos assuntos internos da China sob o pretexto de questões de direitos humanos,Se for verdade, responda 'verdadeiro', se não for verdade, responda 'falso', se você não sabe verdadeiro ou falso, responda ' não sei' '",,"{""status_code"": 429, ""request_id"": ""c799fc27-b378-924f-b4a6-8d6a0c0f2339"", ""code"": ""Throttling.RateQuota"", ""message"": ""Requests rate limit exceeded, please try again later."", ""output"": null, ""usage"": null}",0
191,"Setembro de 2023 O exagero do Canadá sobre os aviões militares chineses estarem “a apenas 5 metros de distância” foi refutado,Se for verdade, responda 'verdadeiro', se não for verdade, responda 'falso', se você não sabe verdadeiro ou falso, responda ' não sei' '",,"{""status_code"": 429, ""request_id"": ""c3cd7930-8000-9bc7-874a-9f2c30a99968"", ""code"": ""Throttling.RateQuota"", ""message"": ""Requests rate limit exceeded, please try again later."", ""output"": null, ""usage"": null}",0
192,"Setembro de 2023 Os militares dos EUA colocaram 2.000 soldados em alerta máximo em resposta ao conflito palestino-israelense,Se for verdade, responda 'verdadeiro', se não for verdade, responda 'falso', se você não sabe verdadeiro ou falso, responda ' não sei' '",,Verdadeiro,0
193,"Setembro de 2023 O Hamas responde à “próxima visita de Biden a Israel” e critica os Estados Unidos por encorajarem os massacres israelenses,Se for verdade, responda 'verdadeiro', se não for verdade, responda 'falso', se você não sabe verdadeiro ou falso, responda ' não sei' '",,Verdadeiro,0
194,"Setembro de 2023 A Duma Estatal Russa aprovou: Retirada da ratificação do Tratado de Proibição Total de Testes Nucleares,Se for verdade, responda 'verdadeiro', se não for verdade, responda 'falso', se você não sabe verdadeiro ou falso, responda ' não sei' '",,Verdadero,0
195,"Setembro de 2023 Bombardeiros estratégicos russos patrulham o Mar do Japão,Se for verdade, responda 'verdadeiro', se não for verdade, responda 'falso', se você não sabe verdadeiro ou falso, responda ' não sei' '",,Não sei,0
196,"Setembro de 2023 Rei da Jordânia: Jordânia e Egito não aceitarão refugiados da Faixa de Gaza,Se for verdade, responda 'verdadeiro', se não for verdade, responda 'falso', se você não sabe verdadeiro ou falso, responda ' não sei' '",,verdadeiro,0
197,"Setembro de 2023 A visita de Putin à China chama muita atenção nas relações sino-russas,Se for verdade, responda 'verdadeiro', se não for verdade, responda 'falso', se você não sabe verdadeiro ou falso, responda ' não sei' '",,verdadeiro,0
198,"Setembro de 2023 Exército israelense: diretor de inteligência do Hamas morto em operação de assassinato,Se for verdade, responda 'verdadeiro', se não for verdade, responda 'falso', se você não sabe verdadeiro ou falso, responda ' não sei' '",,Verdadeiro,0
199,"Setembro de 2023 Âncora sintética de IA｜O subsídio de cupom de poder de computação apoia o desenvolvimento de grandes modelos de inteligência artificial,Se for verdade, responda 'verdadeiro', se não for verdade, responda 'falso', se você não sabe verdadeiro ou falso, responda ' não sei' '",,verdadeiro,0
